{
	"appId": "com.jitsjournal.app",
	"appName": "Jits Journal",
	"webDir": "dist/public",
	"version": "1.0.107",
	"plugins": {
		"SplashScreen": {
			"launchShowDuration": 3000,
			"launchAutoHide": true,
			"backgroundColor": "#1e3a8a",
			"androidSplashResourceName": "splash",
			"androidScaleType": "CENTER_CROP",
			"showSpinner": false,
			"androidSpinnerStyle": "large",
			"iosSpinnerStyle": "small",
			"spinnerColor": "#dc2626",
			"splashFullScreen": true,
			"splashImmersive": true,
			"layoutName": "launch_screen",
			"useDialog": true
		},
		"StatusBar": {
			"style": "dark",
			"backgroundColor": "#1e3a8a"
		},
		"Keyboard": {
			"resize": "body",
			"style": "dark",
			"resizeOnFullScreen": true
		}
	},
	"android": {}
}
